image,mask
/user1/res/res2024/miu/shramanadey_r/Data/A. Segmentation/4. Augmented Data/Train_Data/images/IDRiD_01.jpg,/user1/res/res2024/miu/shramanadey_r/Data/A. Segmentation/4. Augmented Data/Train_Data/masks/IDRiD_01.png
/user1/res/res2024/miu/shramanadey_r/Data/A. Segmentation/4. Augmented Data/Train_Data/images/IDRiD_01_ctr1.29.jpg,/user1/res/res2024/miu/shramanadey_r/Data/A. Segmentation/4. Augmented Data/Train_Data/masks/IDRiD_01_ctr1.29.png
/user1/res/res2024/miu/shramanadey_r/Data/A. Segmentation/4. Augmented Data/Train_Data/images/IDRiD_01_gn14.jpg,/user1/res/res2024/miu/shramanadey_r/Data/A. Segmentation/4. Augmented Data/Train_Data/masks/IDRiD_01_gn14.png
/user1/res/res2024/miu/shramanadey_r/Data/A. Segmentation/4. Augmented Data/Train_Data/images/IDRiD_01_rotA22.jpg,/user1/res/res2024/miu/shramanadey_r/Data/A. Segmentation/4. Augmented Data/Train_Data/masks/IDRiD_01_rotA22.png
/user1/res/res2024/miu/shramanadey_r/Data/A. Segmentation/4. Augmented Data/Train_Data/images/IDRiD_01_scpad77.jpg,/user1/res/res2024/miu/shramanadey_r/Data/A. Segmentation/4. Augmented Data/Train_Data/masks/IDRiD_01_scpad77.png
/user1/res/res2024/miu/shramanadey_r/Data/A. Segmentation/4. Augmented Data/Train_Data/images/IDRiD_01_shp1.44.jpg,/user1/res/res2024/miu/shramanadey_r/Data/A. Segmentation/4. Augmented Data/Train_Data/masks/IDRiD_01_shp1.44.png
/user1/res/res2024/miu/shramanadey_r/Data/A. Segmentation/4. Augmented Data/Train_Data/images/IDRiD_02.jpg,/user1/res/res2024/miu/shramanadey_r/Data/A. Segmentation/4. Augmented Data/Train_Data/masks/IDRiD_02.png
/user1/res/res2024/miu/shramanadey_r/Data/A. Segmentation/4. Augmented Data/Train_Data/images/IDRiD_02_ctr0.82.jpg,/user1/res/res2024/miu/shramanadey_r/Data/A. Segmentation/4. Augmented Data/Train_Data/masks/IDRiD_02_ctr0.82.png
/user1/res/res2024/miu/shramanadey_r/Data/A. Segmentation/4. Augmented Data/Train_Data/images/IDRiD_02_gn20.jpg,/user1/res/res2024/miu/shramanadey_r/Data/A. Segmentation/4. Augmented Data/Train_Data/masks/IDRiD_02_gn20.png
/user1/res/res2024/miu/shramanadey_r/Data/A. Segmentation/4. Augmented Data/Train_Data/images/IDRiD_02_rotA5.jpg,/user1/res/res2024/miu/shramanadey_r/Data/A. Segmentation/4. Augmented Data/Train_Data/masks/IDRiD_02_rotA5.png
/user1/res/res2024/miu/shramanadey_r/Data/A. Segmentation/4. Augmented Data/Train_Data/images/IDRiD_02_scpad64.jpg,/user1/res/res2024/miu/shramanadey_r/Data/A. Segmentation/4. Augmented Data/Train_Data/masks/IDRiD_02_scpad64.png
/user1/res/res2024/miu/shramanadey_r/Data/A. Segmentation/4. Augmented Data/Train_Data/images/IDRiD_02_shp1.24.jpg,/user1/res/res2024/miu/shramanadey_r/Data/A. Segmentation/4. Augmented Data/Train_Data/masks/IDRiD_02_shp1.24.png
/user1/res/res2024/miu/shramanadey_r/Data/A. Segmentation/4. Augmented Data/Train_Data/images/IDRiD_03.jpg,/user1/res/res2024/miu/shramanadey_r/Data/A. Segmentation/4. Augmented Data/Train_Data/masks/IDRiD_03.png
/user1/res/res2024/miu/shramanadey_r/Data/A. Segmentation/4. Augmented Data/Train_Data/images/IDRiD_03_ctr0.75.jpg,/user1/res/res2024/miu/shramanadey_r/Data/A. Segmentation/4. Augmented Data/Train_Data/masks/IDRiD_03_ctr0.75.png
/user1/res/res2024/miu/shramanadey_r/Data/A. Segmentation/4. Augmented Data/Train_Data/images/IDRiD_03_gn12.jpg,/user1/res/res2024/miu/shramanadey_r/Data/A. Segmentation/4. Augmented Data/Train_Data/masks/IDRiD_03_gn12.png
/user1/res/res2024/miu/shramanadey_r/Data/A. Segmentation/4. Augmented Data/Train_Data/images/IDRiD_03_rotA5.jpg,/user1/res/res2024/miu/shramanadey_r/Data/A. Segmentation/4. Augmented Data/Train_Data/masks/IDRiD_03_rotA5.png
/user1/res/res2024/miu/shramanadey_r/Data/A. Segmentation/4. Augmented Data/Train_Data/images/IDRiD_03_scpad61.jpg,/user1/res/res2024/miu/shramanadey_r/Data/A. Segmentation/4. Augmented Data/Train_Data/masks/IDRiD_03_scpad61.png
/user1/res/res2024/miu/shramanadey_r/Data/A. Segmentation/4. Augmented Data/Train_Data/images/IDRiD_03_shp1.57.jpg,/user1/res/res2024/miu/shramanadey_r/Data/A. Segmentation/4. Augmented Data/Train_Data/masks/IDRiD_03_shp1.57.png
/user1/res/res2024/miu/shramanadey_r/Data/A. Segmentation/4. Augmented Data/Train_Data/images/IDRiD_04.jpg,/user1/res/res2024/miu/shramanadey_r/Data/A. Segmentation/4. Augmented Data/Train_Data/masks/IDRiD_04.png
/user1/res/res2024/miu/shramanadey_r/Data/A. Segmentation/4. Augmented Data/Train_Data/images/IDRiD_04_ctr0.98.jpg,/user1/res/res2024/miu/shramanadey_r/Data/A. Segmentation/4. Augmented Data/Train_Data/masks/IDRiD_04_ctr0.98.png
/user1/res/res2024/miu/shramanadey_r/Data/A. Segmentation/4. Augmented Data/Train_Data/images/IDRiD_04_gn9.jpg,/user1/res/res2024/miu/shramanadey_r/Data/A. Segmentation/4. Augmented Data/Train_Data/masks/IDRiD_04_gn9.png
/user1/res/res2024/miu/shramanadey_r/Data/A. Segmentation/4. Augmented Data/Train_Data/images/IDRiD_04_rotA-25.jpg,/user1/res/res2024/miu/shramanadey_r/Data/A. Segmentation/4. Augmented Data/Train_Data/masks/IDRiD_04_rotA-25.png
/user1/res/res2024/miu/shramanadey_r/Data/A. Segmentation/4. Augmented Data/Train_Data/images/IDRiD_04_scpad59.jpg,/user1/res/res2024/miu/shramanadey_r/Data/A. Segmentation/4. Augmented Data/Train_Data/masks/IDRiD_04_scpad59.png
/user1/res/res2024/miu/shramanadey_r/Data/A. Segmentation/4. Augmented Data/Train_Data/images/IDRiD_04_shp1.95.jpg,/user1/res/res2024/miu/shramanadey_r/Data/A. Segmentation/4. Augmented Data/Train_Data/masks/IDRiD_04_shp1.95.png
/user1/res/res2024/miu/shramanadey_r/Data/A. Segmentation/4. Augmented Data/Train_Data/images/IDRiD_05.jpg,/user1/res/res2024/miu/shramanadey_r/Data/A. Segmentation/4. Augmented Data/Train_Data/masks/IDRiD_05.png
/user1/res/res2024/miu/shramanadey_r/Data/A. Segmentation/4. Augmented Data/Train_Data/images/IDRiD_05_ctr0.93.jpg,/user1/res/res2024/miu/shramanadey_r/Data/A. Segmentation/4. Augmented Data/Train_Data/masks/IDRiD_05_ctr0.93.png
/user1/res/res2024/miu/shramanadey_r/Data/A. Segmentation/4. Augmented Data/Train_Data/images/IDRiD_05_gn24.jpg,/user1/res/res2024/miu/shramanadey_r/Data/A. Segmentation/4. Augmented Data/Train_Data/masks/IDRiD_05_gn24.png
/user1/res/res2024/miu/shramanadey_r/Data/A. Segmentation/4. Augmented Data/Train_Data/images/IDRiD_05_rotA8.jpg,/user1/res/res2024/miu/shramanadey_r/Data/A. Segmentation/4. Augmented Data/Train_Data/masks/IDRiD_05_rotA8.png
/user1/res/res2024/miu/shramanadey_r/Data/A. Segmentation/4. Augmented Data/Train_Data/images/IDRiD_05_scpad72.jpg,/user1/res/res2024/miu/shramanadey_r/Data/A. Segmentation/4. Augmented Data/Train_Data/masks/IDRiD_05_scpad72.png
/user1/res/res2024/miu/shramanadey_r/Data/A. Segmentation/4. Augmented Data/Train_Data/images/IDRiD_05_shp1.48.jpg,/user1/res/res2024/miu/shramanadey_r/Data/A. Segmentation/4. Augmented Data/Train_Data/masks/IDRiD_05_shp1.48.png
/user1/res/res2024/miu/shramanadey_r/Data/A. Segmentation/4. Augmented Data/Train_Data/images/IDRiD_06.jpg,/user1/res/res2024/miu/shramanadey_r/Data/A. Segmentation/4. Augmented Data/Train_Data/masks/IDRiD_06.png
/user1/res/res2024/miu/shramanadey_r/Data/A. Segmentation/4. Augmented Data/Train_Data/images/IDRiD_06_ctr0.92.jpg,/user1/res/res2024/miu/shramanadey_r/Data/A. Segmentation/4. Augmented Data/Train_Data/masks/IDRiD_06_ctr0.92.png
/user1/res/res2024/miu/shramanadey_r/Data/A. Segmentation/4. Augmented Data/Train_Data/images/IDRiD_06_gn15.jpg,/user1/res/res2024/miu/shramanadey_r/Data/A. Segmentation/4. Augmented Data/Train_Data/masks/IDRiD_06_gn15.png
/user1/res/res2024/miu/shramanadey_r/Data/A. Segmentation/4. Augmented Data/Train_Data/images/IDRiD_06_rotA16.jpg,/user1/res/res2024/miu/shramanadey_r/Data/A. Segmentation/4. Augmented Data/Train_Data/masks/IDRiD_06_rotA16.png
/user1/res/res2024/miu/shramanadey_r/Data/A. Segmentation/4. Augmented Data/Train_Data/images/IDRiD_06_scpad74.jpg,/user1/res/res2024/miu/shramanadey_r/Data/A. Segmentation/4. Augmented Data/Train_Data/masks/IDRiD_06_scpad74.png
/user1/res/res2024/miu/shramanadey_r/Data/A. Segmentation/4. Augmented Data/Train_Data/images/IDRiD_06_shp1.52.jpg,/user1/res/res2024/miu/shramanadey_r/Data/A. Segmentation/4. Augmented Data/Train_Data/masks/IDRiD_06_shp1.52.png
/user1/res/res2024/miu/shramanadey_r/Data/A. Segmentation/4. Augmented Data/Train_Data/images/IDRiD_07.jpg,/user1/res/res2024/miu/shramanadey_r/Data/A. Segmentation/4. Augmented Data/Train_Data/masks/IDRiD_07.png
/user1/res/res2024/miu/shramanadey_r/Data/A. Segmentation/4. Augmented Data/Train_Data/images/IDRiD_07_ctr0.79.jpg,/user1/res/res2024/miu/shramanadey_r/Data/A. Segmentation/4. Augmented Data/Train_Data/masks/IDRiD_07_ctr0.79.png
/user1/res/res2024/miu/shramanadey_r/Data/A. Segmentation/4. Augmented Data/Train_Data/images/IDRiD_07_gn11.jpg,/user1/res/res2024/miu/shramanadey_r/Data/A. Segmentation/4. Augmented Data/Train_Data/masks/IDRiD_07_gn11.png
/user1/res/res2024/miu/shramanadey_r/Data/A. Segmentation/4. Augmented Data/Train_Data/images/IDRiD_07_rotA19.jpg,/user1/res/res2024/miu/shramanadey_r/Data/A. Segmentation/4. Augmented Data/Train_Data/masks/IDRiD_07_rotA19.png
/user1/res/res2024/miu/shramanadey_r/Data/A. Segmentation/4. Augmented Data/Train_Data/images/IDRiD_07_scpad77.jpg,/user1/res/res2024/miu/shramanadey_r/Data/A. Segmentation/4. Augmented Data/Train_Data/masks/IDRiD_07_scpad77.png
/user1/res/res2024/miu/shramanadey_r/Data/A. Segmentation/4. Augmented Data/Train_Data/images/IDRiD_07_shp1.41.jpg,/user1/res/res2024/miu/shramanadey_r/Data/A. Segmentation/4. Augmented Data/Train_Data/masks/IDRiD_07_shp1.41.png
/user1/res/res2024/miu/shramanadey_r/Data/A. Segmentation/4. Augmented Data/Train_Data/images/IDRiD_08.jpg,/user1/res/res2024/miu/shramanadey_r/Data/A. Segmentation/4. Augmented Data/Train_Data/masks/IDRiD_08.png
/user1/res/res2024/miu/shramanadey_r/Data/A. Segmentation/4. Augmented Data/Train_Data/images/IDRiD_08_ctr1.37.jpg,/user1/res/res2024/miu/shramanadey_r/Data/A. Segmentation/4. Augmented Data/Train_Data/masks/IDRiD_08_ctr1.37.png
/user1/res/res2024/miu/shramanadey_r/Data/A. Segmentation/4. Augmented Data/Train_Data/images/IDRiD_08_gn18.jpg,/user1/res/res2024/miu/shramanadey_r/Data/A. Segmentation/4. Augmented Data/Train_Data/masks/IDRiD_08_gn18.png
/user1/res/res2024/miu/shramanadey_r/Data/A. Segmentation/4. Augmented Data/Train_Data/images/IDRiD_08_rotA-29.jpg,/user1/res/res2024/miu/shramanadey_r/Data/A. Segmentation/4. Augmented Data/Train_Data/masks/IDRiD_08_rotA-29.png
/user1/res/res2024/miu/shramanadey_r/Data/A. Segmentation/4. Augmented Data/Train_Data/images/IDRiD_08_scpad58.jpg,/user1/res/res2024/miu/shramanadey_r/Data/A. Segmentation/4. Augmented Data/Train_Data/masks/IDRiD_08_scpad58.png
/user1/res/res2024/miu/shramanadey_r/Data/A. Segmentation/4. Augmented Data/Train_Data/images/IDRiD_08_shp1.35.jpg,/user1/res/res2024/miu/shramanadey_r/Data/A. Segmentation/4. Augmented Data/Train_Data/masks/IDRiD_08_shp1.35.png
/user1/res/res2024/miu/shramanadey_r/Data/A. Segmentation/4. Augmented Data/Train_Data/images/IDRiD_09.jpg,/user1/res/res2024/miu/shramanadey_r/Data/A. Segmentation/4. Augmented Data/Train_Data/masks/IDRiD_09.png
/user1/res/res2024/miu/shramanadey_r/Data/A. Segmentation/4. Augmented Data/Train_Data/images/IDRiD_09_ctr1.00.jpg,/user1/res/res2024/miu/shramanadey_r/Data/A. Segmentation/4. Augmented Data/Train_Data/masks/IDRiD_09_ctr1.00.png
/user1/res/res2024/miu/shramanadey_r/Data/A. Segmentation/4. Augmented Data/Train_Data/images/IDRiD_09_gn6.jpg,/user1/res/res2024/miu/shramanadey_r/Data/A. Segmentation/4. Augmented Data/Train_Data/masks/IDRiD_09_gn6.png
/user1/res/res2024/miu/shramanadey_r/Data/A. Segmentation/4. Augmented Data/Train_Data/images/IDRiD_09_rotA5.jpg,/user1/res/res2024/miu/shramanadey_r/Data/A. Segmentation/4. Augmented Data/Train_Data/masks/IDRiD_09_rotA5.png
/user1/res/res2024/miu/shramanadey_r/Data/A. Segmentation/4. Augmented Data/Train_Data/images/IDRiD_09_scpad52.jpg,/user1/res/res2024/miu/shramanadey_r/Data/A. Segmentation/4. Augmented Data/Train_Data/masks/IDRiD_09_scpad52.png
/user1/res/res2024/miu/shramanadey_r/Data/A. Segmentation/4. Augmented Data/Train_Data/images/IDRiD_09_shp1.21.jpg,/user1/res/res2024/miu/shramanadey_r/Data/A. Segmentation/4. Augmented Data/Train_Data/masks/IDRiD_09_shp1.21.png
/user1/res/res2024/miu/shramanadey_r/Data/A. Segmentation/4. Augmented Data/Train_Data/images/IDRiD_10.jpg,/user1/res/res2024/miu/shramanadey_r/Data/A. Segmentation/4. Augmented Data/Train_Data/masks/IDRiD_10.png
/user1/res/res2024/miu/shramanadey_r/Data/A. Segmentation/4. Augmented Data/Train_Data/images/IDRiD_10_ctr1.08.jpg,/user1/res/res2024/miu/shramanadey_r/Data/A. Segmentation/4. Augmented Data/Train_Data/masks/IDRiD_10_ctr1.08.png
/user1/res/res2024/miu/shramanadey_r/Data/A. Segmentation/4. Augmented Data/Train_Data/images/IDRiD_10_gn8.jpg,/user1/res/res2024/miu/shramanadey_r/Data/A. Segmentation/4. Augmented Data/Train_Data/masks/IDRiD_10_gn8.png
/user1/res/res2024/miu/shramanadey_r/Data/A. Segmentation/4. Augmented Data/Train_Data/images/IDRiD_10_rotA21.jpg,/user1/res/res2024/miu/shramanadey_r/Data/A. Segmentation/4. Augmented Data/Train_Data/masks/IDRiD_10_rotA21.png
/user1/res/res2024/miu/shramanadey_r/Data/A. Segmentation/4. Augmented Data/Train_Data/images/IDRiD_10_scpad51.jpg,/user1/res/res2024/miu/shramanadey_r/Data/A. Segmentation/4. Augmented Data/Train_Data/masks/IDRiD_10_scpad51.png
/user1/res/res2024/miu/shramanadey_r/Data/A. Segmentation/4. Augmented Data/Train_Data/images/IDRiD_10_shp1.47.jpg,/user1/res/res2024/miu/shramanadey_r/Data/A. Segmentation/4. Augmented Data/Train_Data/masks/IDRiD_10_shp1.47.png
/user1/res/res2024/miu/shramanadey_r/Data/A. Segmentation/4. Augmented Data/Train_Data/images/IDRiD_11.jpg,/user1/res/res2024/miu/shramanadey_r/Data/A. Segmentation/4. Augmented Data/Train_Data/masks/IDRiD_11.png
/user1/res/res2024/miu/shramanadey_r/Data/A. Segmentation/4. Augmented Data/Train_Data/images/IDRiD_11_ctr1.37.jpg,/user1/res/res2024/miu/shramanadey_r/Data/A. Segmentation/4. Augmented Data/Train_Data/masks/IDRiD_11_ctr1.37.png
/user1/res/res2024/miu/shramanadey_r/Data/A. Segmentation/4. Augmented Data/Train_Data/images/IDRiD_11_gn15.jpg,/user1/res/res2024/miu/shramanadey_r/Data/A. Segmentation/4. Augmented Data/Train_Data/masks/IDRiD_11_gn15.png
/user1/res/res2024/miu/shramanadey_r/Data/A. Segmentation/4. Augmented Data/Train_Data/images/IDRiD_11_rotA-16.jpg,/user1/res/res2024/miu/shramanadey_r/Data/A. Segmentation/4. Augmented Data/Train_Data/masks/IDRiD_11_rotA-16.png
/user1/res/res2024/miu/shramanadey_r/Data/A. Segmentation/4. Augmented Data/Train_Data/images/IDRiD_11_scpad79.jpg,/user1/res/res2024/miu/shramanadey_r/Data/A. Segmentation/4. Augmented Data/Train_Data/masks/IDRiD_11_scpad79.png
/user1/res/res2024/miu/shramanadey_r/Data/A. Segmentation/4. Augmented Data/Train_Data/images/IDRiD_11_shp1.70.jpg,/user1/res/res2024/miu/shramanadey_r/Data/A. Segmentation/4. Augmented Data/Train_Data/masks/IDRiD_11_shp1.70.png
/user1/res/res2024/miu/shramanadey_r/Data/A. Segmentation/4. Augmented Data/Train_Data/images/IDRiD_12.jpg,/user1/res/res2024/miu/shramanadey_r/Data/A. Segmentation/4. Augmented Data/Train_Data/masks/IDRiD_12.png
/user1/res/res2024/miu/shramanadey_r/Data/A. Segmentation/4. Augmented Data/Train_Data/images/IDRiD_12_ctr0.84.jpg,/user1/res/res2024/miu/shramanadey_r/Data/A. Segmentation/4. Augmented Data/Train_Data/masks/IDRiD_12_ctr0.84.png
/user1/res/res2024/miu/shramanadey_r/Data/A. Segmentation/4. Augmented Data/Train_Data/images/IDRiD_12_gn10.jpg,/user1/res/res2024/miu/shramanadey_r/Data/A. Segmentation/4. Augmented Data/Train_Data/masks/IDRiD_12_gn10.png
/user1/res/res2024/miu/shramanadey_r/Data/A. Segmentation/4. Augmented Data/Train_Data/images/IDRiD_12_rotA-9.jpg,/user1/res/res2024/miu/shramanadey_r/Data/A. Segmentation/4. Augmented Data/Train_Data/masks/IDRiD_12_rotA-9.png
/user1/res/res2024/miu/shramanadey_r/Data/A. Segmentation/4. Augmented Data/Train_Data/images/IDRiD_12_scpad54.jpg,/user1/res/res2024/miu/shramanadey_r/Data/A. Segmentation/4. Augmented Data/Train_Data/masks/IDRiD_12_scpad54.png
/user1/res/res2024/miu/shramanadey_r/Data/A. Segmentation/4. Augmented Data/Train_Data/images/IDRiD_12_shp1.41.jpg,/user1/res/res2024/miu/shramanadey_r/Data/A. Segmentation/4. Augmented Data/Train_Data/masks/IDRiD_12_shp1.41.png
/user1/res/res2024/miu/shramanadey_r/Data/A. Segmentation/4. Augmented Data/Train_Data/images/IDRiD_13.jpg,/user1/res/res2024/miu/shramanadey_r/Data/A. Segmentation/4. Augmented Data/Train_Data/masks/IDRiD_13.png
/user1/res/res2024/miu/shramanadey_r/Data/A. Segmentation/4. Augmented Data/Train_Data/images/IDRiD_13_ctr1.12.jpg,/user1/res/res2024/miu/shramanadey_r/Data/A. Segmentation/4. Augmented Data/Train_Data/masks/IDRiD_13_ctr1.12.png
/user1/res/res2024/miu/shramanadey_r/Data/A. Segmentation/4. Augmented Data/Train_Data/images/IDRiD_13_gn14.jpg,/user1/res/res2024/miu/shramanadey_r/Data/A. Segmentation/4. Augmented Data/Train_Data/masks/IDRiD_13_gn14.png
/user1/res/res2024/miu/shramanadey_r/Data/A. Segmentation/4. Augmented Data/Train_Data/images/IDRiD_13_rotA-11.jpg,/user1/res/res2024/miu/shramanadey_r/Data/A. Segmentation/4. Augmented Data/Train_Data/masks/IDRiD_13_rotA-11.png
/user1/res/res2024/miu/shramanadey_r/Data/A. Segmentation/4. Augmented Data/Train_Data/images/IDRiD_13_scpad52.jpg,/user1/res/res2024/miu/shramanadey_r/Data/A. Segmentation/4. Augmented Data/Train_Data/masks/IDRiD_13_scpad52.png
/user1/res/res2024/miu/shramanadey_r/Data/A. Segmentation/4. Augmented Data/Train_Data/images/IDRiD_13_shp1.26.jpg,/user1/res/res2024/miu/shramanadey_r/Data/A. Segmentation/4. Augmented Data/Train_Data/masks/IDRiD_13_shp1.26.png
/user1/res/res2024/miu/shramanadey_r/Data/A. Segmentation/4. Augmented Data/Train_Data/images/IDRiD_14.jpg,/user1/res/res2024/miu/shramanadey_r/Data/A. Segmentation/4. Augmented Data/Train_Data/masks/IDRiD_14.png
/user1/res/res2024/miu/shramanadey_r/Data/A. Segmentation/4. Augmented Data/Train_Data/images/IDRiD_14_ctr0.75.jpg,/user1/res/res2024/miu/shramanadey_r/Data/A. Segmentation/4. Augmented Data/Train_Data/masks/IDRiD_14_ctr0.75.png
/user1/res/res2024/miu/shramanadey_r/Data/A. Segmentation/4. Augmented Data/Train_Data/images/IDRiD_14_gn15.jpg,/user1/res/res2024/miu/shramanadey_r/Data/A. Segmentation/4. Augmented Data/Train_Data/masks/IDRiD_14_gn15.png
/user1/res/res2024/miu/shramanadey_r/Data/A. Segmentation/4. Augmented Data/Train_Data/images/IDRiD_14_rotA-27.jpg,/user1/res/res2024/miu/shramanadey_r/Data/A. Segmentation/4. Augmented Data/Train_Data/masks/IDRiD_14_rotA-27.png
/user1/res/res2024/miu/shramanadey_r/Data/A. Segmentation/4. Augmented Data/Train_Data/images/IDRiD_14_scpad57.jpg,/user1/res/res2024/miu/shramanadey_r/Data/A. Segmentation/4. Augmented Data/Train_Data/masks/IDRiD_14_scpad57.png
/user1/res/res2024/miu/shramanadey_r/Data/A. Segmentation/4. Augmented Data/Train_Data/images/IDRiD_14_shp1.90.jpg,/user1/res/res2024/miu/shramanadey_r/Data/A. Segmentation/4. Augmented Data/Train_Data/masks/IDRiD_14_shp1.90.png
/user1/res/res2024/miu/shramanadey_r/Data/A. Segmentation/4. Augmented Data/Train_Data/images/IDRiD_15.jpg,/user1/res/res2024/miu/shramanadey_r/Data/A. Segmentation/4. Augmented Data/Train_Data/masks/IDRiD_15.png
/user1/res/res2024/miu/shramanadey_r/Data/A. Segmentation/4. Augmented Data/Train_Data/images/IDRiD_15_ctr0.88.jpg,/user1/res/res2024/miu/shramanadey_r/Data/A. Segmentation/4. Augmented Data/Train_Data/masks/IDRiD_15_ctr0.88.png
/user1/res/res2024/miu/shramanadey_r/Data/A. Segmentation/4. Augmented Data/Train_Data/images/IDRiD_15_gn15.jpg,/user1/res/res2024/miu/shramanadey_r/Data/A. Segmentation/4. Augmented Data/Train_Data/masks/IDRiD_15_gn15.png
/user1/res/res2024/miu/shramanadey_r/Data/A. Segmentation/4. Augmented Data/Train_Data/images/IDRiD_15_rotA5.jpg,/user1/res/res2024/miu/shramanadey_r/Data/A. Segmentation/4. Augmented Data/Train_Data/masks/IDRiD_15_rotA5.png
/user1/res/res2024/miu/shramanadey_r/Data/A. Segmentation/4. Augmented Data/Train_Data/images/IDRiD_15_scpad73.jpg,/user1/res/res2024/miu/shramanadey_r/Data/A. Segmentation/4. Augmented Data/Train_Data/masks/IDRiD_15_scpad73.png
/user1/res/res2024/miu/shramanadey_r/Data/A. Segmentation/4. Augmented Data/Train_Data/images/IDRiD_15_shp1.87.jpg,/user1/res/res2024/miu/shramanadey_r/Data/A. Segmentation/4. Augmented Data/Train_Data/masks/IDRiD_15_shp1.87.png
/user1/res/res2024/miu/shramanadey_r/Data/A. Segmentation/4. Augmented Data/Train_Data/images/IDRiD_16.jpg,/user1/res/res2024/miu/shramanadey_r/Data/A. Segmentation/4. Augmented Data/Train_Data/masks/IDRiD_16.png
/user1/res/res2024/miu/shramanadey_r/Data/A. Segmentation/4. Augmented Data/Train_Data/images/IDRiD_16_ctr0.87.jpg,/user1/res/res2024/miu/shramanadey_r/Data/A. Segmentation/4. Augmented Data/Train_Data/masks/IDRiD_16_ctr0.87.png
/user1/res/res2024/miu/shramanadey_r/Data/A. Segmentation/4. Augmented Data/Train_Data/images/IDRiD_16_gn23.jpg,/user1/res/res2024/miu/shramanadey_r/Data/A. Segmentation/4. Augmented Data/Train_Data/masks/IDRiD_16_gn23.png
/user1/res/res2024/miu/shramanadey_r/Data/A. Segmentation/4. Augmented Data/Train_Data/images/IDRiD_16_rotA5.jpg,/user1/res/res2024/miu/shramanadey_r/Data/A. Segmentation/4. Augmented Data/Train_Data/masks/IDRiD_16_rotA5.png
/user1/res/res2024/miu/shramanadey_r/Data/A. Segmentation/4. Augmented Data/Train_Data/images/IDRiD_16_scpad67.jpg,/user1/res/res2024/miu/shramanadey_r/Data/A. Segmentation/4. Augmented Data/Train_Data/masks/IDRiD_16_scpad67.png
/user1/res/res2024/miu/shramanadey_r/Data/A. Segmentation/4. Augmented Data/Train_Data/images/IDRiD_16_shp1.75.jpg,/user1/res/res2024/miu/shramanadey_r/Data/A. Segmentation/4. Augmented Data/Train_Data/masks/IDRiD_16_shp1.75.png
/user1/res/res2024/miu/shramanadey_r/Data/A. Segmentation/4. Augmented Data/Train_Data/images/IDRiD_17.jpg,/user1/res/res2024/miu/shramanadey_r/Data/A. Segmentation/4. Augmented Data/Train_Data/masks/IDRiD_17.png
/user1/res/res2024/miu/shramanadey_r/Data/A. Segmentation/4. Augmented Data/Train_Data/images/IDRiD_17_ctr1.07.jpg,/user1/res/res2024/miu/shramanadey_r/Data/A. Segmentation/4. Augmented Data/Train_Data/masks/IDRiD_17_ctr1.07.png
/user1/res/res2024/miu/shramanadey_r/Data/A. Segmentation/4. Augmented Data/Train_Data/images/IDRiD_17_gn18.jpg,/user1/res/res2024/miu/shramanadey_r/Data/A. Segmentation/4. Augmented Data/Train_Data/masks/IDRiD_17_gn18.png
/user1/res/res2024/miu/shramanadey_r/Data/A. Segmentation/4. Augmented Data/Train_Data/images/IDRiD_17_rotA25.jpg,/user1/res/res2024/miu/shramanadey_r/Data/A. Segmentation/4. Augmented Data/Train_Data/masks/IDRiD_17_rotA25.png
/user1/res/res2024/miu/shramanadey_r/Data/A. Segmentation/4. Augmented Data/Train_Data/images/IDRiD_17_scpad56.jpg,/user1/res/res2024/miu/shramanadey_r/Data/A. Segmentation/4. Augmented Data/Train_Data/masks/IDRiD_17_scpad56.png
/user1/res/res2024/miu/shramanadey_r/Data/A. Segmentation/4. Augmented Data/Train_Data/images/IDRiD_17_shp1.78.jpg,/user1/res/res2024/miu/shramanadey_r/Data/A. Segmentation/4. Augmented Data/Train_Data/masks/IDRiD_17_shp1.78.png
/user1/res/res2024/miu/shramanadey_r/Data/A. Segmentation/4. Augmented Data/Train_Data/images/IDRiD_18.jpg,/user1/res/res2024/miu/shramanadey_r/Data/A. Segmentation/4. Augmented Data/Train_Data/masks/IDRiD_18.png
/user1/res/res2024/miu/shramanadey_r/Data/A. Segmentation/4. Augmented Data/Train_Data/images/IDRiD_18_ctr0.94.jpg,/user1/res/res2024/miu/shramanadey_r/Data/A. Segmentation/4. Augmented Data/Train_Data/masks/IDRiD_18_ctr0.94.png
/user1/res/res2024/miu/shramanadey_r/Data/A. Segmentation/4. Augmented Data/Train_Data/images/IDRiD_18_gn9.jpg,/user1/res/res2024/miu/shramanadey_r/Data/A. Segmentation/4. Augmented Data/Train_Data/masks/IDRiD_18_gn9.png
/user1/res/res2024/miu/shramanadey_r/Data/A. Segmentation/4. Augmented Data/Train_Data/images/IDRiD_18_rotA5.jpg,/user1/res/res2024/miu/shramanadey_r/Data/A. Segmentation/4. Augmented Data/Train_Data/masks/IDRiD_18_rotA5.png
/user1/res/res2024/miu/shramanadey_r/Data/A. Segmentation/4. Augmented Data/Train_Data/images/IDRiD_18_scpad76.jpg,/user1/res/res2024/miu/shramanadey_r/Data/A. Segmentation/4. Augmented Data/Train_Data/masks/IDRiD_18_scpad76.png
/user1/res/res2024/miu/shramanadey_r/Data/A. Segmentation/4. Augmented Data/Train_Data/images/IDRiD_18_shp1.42.jpg,/user1/res/res2024/miu/shramanadey_r/Data/A. Segmentation/4. Augmented Data/Train_Data/masks/IDRiD_18_shp1.42.png
/user1/res/res2024/miu/shramanadey_r/Data/A. Segmentation/4. Augmented Data/Train_Data/images/IDRiD_19.jpg,/user1/res/res2024/miu/shramanadey_r/Data/A. Segmentation/4. Augmented Data/Train_Data/masks/IDRiD_19.png
/user1/res/res2024/miu/shramanadey_r/Data/A. Segmentation/4. Augmented Data/Train_Data/images/IDRiD_19_ctr0.80.jpg,/user1/res/res2024/miu/shramanadey_r/Data/A. Segmentation/4. Augmented Data/Train_Data/masks/IDRiD_19_ctr0.80.png
/user1/res/res2024/miu/shramanadey_r/Data/A. Segmentation/4. Augmented Data/Train_Data/images/IDRiD_19_gn12.jpg,/user1/res/res2024/miu/shramanadey_r/Data/A. Segmentation/4. Augmented Data/Train_Data/masks/IDRiD_19_gn12.png
/user1/res/res2024/miu/shramanadey_r/Data/A. Segmentation/4. Augmented Data/Train_Data/images/IDRiD_19_rotA5.jpg,/user1/res/res2024/miu/shramanadey_r/Data/A. Segmentation/4. Augmented Data/Train_Data/masks/IDRiD_19_rotA5.png
/user1/res/res2024/miu/shramanadey_r/Data/A. Segmentation/4. Augmented Data/Train_Data/images/IDRiD_19_scpad65.jpg,/user1/res/res2024/miu/shramanadey_r/Data/A. Segmentation/4. Augmented Data/Train_Data/masks/IDRiD_19_scpad65.png
/user1/res/res2024/miu/shramanadey_r/Data/A. Segmentation/4. Augmented Data/Train_Data/images/IDRiD_19_shp1.60.jpg,/user1/res/res2024/miu/shramanadey_r/Data/A. Segmentation/4. Augmented Data/Train_Data/masks/IDRiD_19_shp1.60.png
/user1/res/res2024/miu/shramanadey_r/Data/A. Segmentation/4. Augmented Data/Train_Data/images/IDRiD_20.jpg,/user1/res/res2024/miu/shramanadey_r/Data/A. Segmentation/4. Augmented Data/Train_Data/masks/IDRiD_20.png
/user1/res/res2024/miu/shramanadey_r/Data/A. Segmentation/4. Augmented Data/Train_Data/images/IDRiD_20_ctr1.34.jpg,/user1/res/res2024/miu/shramanadey_r/Data/A. Segmentation/4. Augmented Data/Train_Data/masks/IDRiD_20_ctr1.34.png
/user1/res/res2024/miu/shramanadey_r/Data/A. Segmentation/4. Augmented Data/Train_Data/images/IDRiD_20_gn12.jpg,/user1/res/res2024/miu/shramanadey_r/Data/A. Segmentation/4. Augmented Data/Train_Data/masks/IDRiD_20_gn12.png
/user1/res/res2024/miu/shramanadey_r/Data/A. Segmentation/4. Augmented Data/Train_Data/images/IDRiD_20_rotA-20.jpg,/user1/res/res2024/miu/shramanadey_r/Data/A. Segmentation/4. Augmented Data/Train_Data/masks/IDRiD_20_rotA-20.png
/user1/res/res2024/miu/shramanadey_r/Data/A. Segmentation/4. Augmented Data/Train_Data/images/IDRiD_20_scpad74.jpg,/user1/res/res2024/miu/shramanadey_r/Data/A. Segmentation/4. Augmented Data/Train_Data/masks/IDRiD_20_scpad74.png
/user1/res/res2024/miu/shramanadey_r/Data/A. Segmentation/4. Augmented Data/Train_Data/images/IDRiD_20_shp1.73.jpg,/user1/res/res2024/miu/shramanadey_r/Data/A. Segmentation/4. Augmented Data/Train_Data/masks/IDRiD_20_shp1.73.png
/user1/res/res2024/miu/shramanadey_r/Data/A. Segmentation/4. Augmented Data/Train_Data/images/IDRiD_21.jpg,/user1/res/res2024/miu/shramanadey_r/Data/A. Segmentation/4. Augmented Data/Train_Data/masks/IDRiD_21.png
/user1/res/res2024/miu/shramanadey_r/Data/A. Segmentation/4. Augmented Data/Train_Data/images/IDRiD_21_ctr0.98.jpg,/user1/res/res2024/miu/shramanadey_r/Data/A. Segmentation/4. Augmented Data/Train_Data/masks/IDRiD_21_ctr0.98.png
/user1/res/res2024/miu/shramanadey_r/Data/A. Segmentation/4. Augmented Data/Train_Data/images/IDRiD_21_gn14.jpg,/user1/res/res2024/miu/shramanadey_r/Data/A. Segmentation/4. Augmented Data/Train_Data/masks/IDRiD_21_gn14.png
/user1/res/res2024/miu/shramanadey_r/Data/A. Segmentation/4. Augmented Data/Train_Data/images/IDRiD_21_rotA-14.jpg,/user1/res/res2024/miu/shramanadey_r/Data/A. Segmentation/4. Augmented Data/Train_Data/masks/IDRiD_21_rotA-14.png
/user1/res/res2024/miu/shramanadey_r/Data/A. Segmentation/4. Augmented Data/Train_Data/images/IDRiD_21_scpad70.jpg,/user1/res/res2024/miu/shramanadey_r/Data/A. Segmentation/4. Augmented Data/Train_Data/masks/IDRiD_21_scpad70.png
/user1/res/res2024/miu/shramanadey_r/Data/A. Segmentation/4. Augmented Data/Train_Data/images/IDRiD_21_shp1.99.jpg,/user1/res/res2024/miu/shramanadey_r/Data/A. Segmentation/4. Augmented Data/Train_Data/masks/IDRiD_21_shp1.99.png
/user1/res/res2024/miu/shramanadey_r/Data/A. Segmentation/4. Augmented Data/Train_Data/images/IDRiD_22.jpg,/user1/res/res2024/miu/shramanadey_r/Data/A. Segmentation/4. Augmented Data/Train_Data/masks/IDRiD_22.png
/user1/res/res2024/miu/shramanadey_r/Data/A. Segmentation/4. Augmented Data/Train_Data/images/IDRiD_22_ctr1.32.jpg,/user1/res/res2024/miu/shramanadey_r/Data/A. Segmentation/4. Augmented Data/Train_Data/masks/IDRiD_22_ctr1.32.png
/user1/res/res2024/miu/shramanadey_r/Data/A. Segmentation/4. Augmented Data/Train_Data/images/IDRiD_22_gn17.jpg,/user1/res/res2024/miu/shramanadey_r/Data/A. Segmentation/4. Augmented Data/Train_Data/masks/IDRiD_22_gn17.png
/user1/res/res2024/miu/shramanadey_r/Data/A. Segmentation/4. Augmented Data/Train_Data/images/IDRiD_22_rotA-13.jpg,/user1/res/res2024/miu/shramanadey_r/Data/A. Segmentation/4. Augmented Data/Train_Data/masks/IDRiD_22_rotA-13.png
/user1/res/res2024/miu/shramanadey_r/Data/A. Segmentation/4. Augmented Data/Train_Data/images/IDRiD_22_scpad76.jpg,/user1/res/res2024/miu/shramanadey_r/Data/A. Segmentation/4. Augmented Data/Train_Data/masks/IDRiD_22_scpad76.png
/user1/res/res2024/miu/shramanadey_r/Data/A. Segmentation/4. Augmented Data/Train_Data/images/IDRiD_22_shp1.82.jpg,/user1/res/res2024/miu/shramanadey_r/Data/A. Segmentation/4. Augmented Data/Train_Data/masks/IDRiD_22_shp1.82.png
/user1/res/res2024/miu/shramanadey_r/Data/A. Segmentation/4. Augmented Data/Train_Data/images/IDRiD_23.jpg,/user1/res/res2024/miu/shramanadey_r/Data/A. Segmentation/4. Augmented Data/Train_Data/masks/IDRiD_23.png
/user1/res/res2024/miu/shramanadey_r/Data/A. Segmentation/4. Augmented Data/Train_Data/images/IDRiD_23_ctr0.74.jpg,/user1/res/res2024/miu/shramanadey_r/Data/A. Segmentation/4. Augmented Data/Train_Data/masks/IDRiD_23_ctr0.74.png
/user1/res/res2024/miu/shramanadey_r/Data/A. Segmentation/4. Augmented Data/Train_Data/images/IDRiD_23_gn16.jpg,/user1/res/res2024/miu/shramanadey_r/Data/A. Segmentation/4. Augmented Data/Train_Data/masks/IDRiD_23_gn16.png
/user1/res/res2024/miu/shramanadey_r/Data/A. Segmentation/4. Augmented Data/Train_Data/images/IDRiD_23_rotA-24.jpg,/user1/res/res2024/miu/shramanadey_r/Data/A. Segmentation/4. Augmented Data/Train_Data/masks/IDRiD_23_rotA-24.png
/user1/res/res2024/miu/shramanadey_r/Data/A. Segmentation/4. Augmented Data/Train_Data/images/IDRiD_23_scpad78.jpg,/user1/res/res2024/miu/shramanadey_r/Data/A. Segmentation/4. Augmented Data/Train_Data/masks/IDRiD_23_scpad78.png
/user1/res/res2024/miu/shramanadey_r/Data/A. Segmentation/4. Augmented Data/Train_Data/images/IDRiD_23_shp1.51.jpg,/user1/res/res2024/miu/shramanadey_r/Data/A. Segmentation/4. Augmented Data/Train_Data/masks/IDRiD_23_shp1.51.png
/user1/res/res2024/miu/shramanadey_r/Data/A. Segmentation/4. Augmented Data/Train_Data/images/IDRiD_24.jpg,/user1/res/res2024/miu/shramanadey_r/Data/A. Segmentation/4. Augmented Data/Train_Data/masks/IDRiD_24.png
/user1/res/res2024/miu/shramanadey_r/Data/A. Segmentation/4. Augmented Data/Train_Data/images/IDRiD_24_ctr0.86.jpg,/user1/res/res2024/miu/shramanadey_r/Data/A. Segmentation/4. Augmented Data/Train_Data/masks/IDRiD_24_ctr0.86.png
/user1/res/res2024/miu/shramanadey_r/Data/A. Segmentation/4. Augmented Data/Train_Data/images/IDRiD_24_gn18.jpg,/user1/res/res2024/miu/shramanadey_r/Data/A. Segmentation/4. Augmented Data/Train_Data/masks/IDRiD_24_gn18.png
/user1/res/res2024/miu/shramanadey_r/Data/A. Segmentation/4. Augmented Data/Train_Data/images/IDRiD_24_rotA-22.jpg,/user1/res/res2024/miu/shramanadey_r/Data/A. Segmentation/4. Augmented Data/Train_Data/masks/IDRiD_24_rotA-22.png
/user1/res/res2024/miu/shramanadey_r/Data/A. Segmentation/4. Augmented Data/Train_Data/images/IDRiD_24_scpad61.jpg,/user1/res/res2024/miu/shramanadey_r/Data/A. Segmentation/4. Augmented Data/Train_Data/masks/IDRiD_24_scpad61.png
/user1/res/res2024/miu/shramanadey_r/Data/A. Segmentation/4. Augmented Data/Train_Data/images/IDRiD_24_shp1.60.jpg,/user1/res/res2024/miu/shramanadey_r/Data/A. Segmentation/4. Augmented Data/Train_Data/masks/IDRiD_24_shp1.60.png
/user1/res/res2024/miu/shramanadey_r/Data/A. Segmentation/4. Augmented Data/Train_Data/images/IDRiD_25.jpg,/user1/res/res2024/miu/shramanadey_r/Data/A. Segmentation/4. Augmented Data/Train_Data/masks/IDRiD_25.png
/user1/res/res2024/miu/shramanadey_r/Data/A. Segmentation/4. Augmented Data/Train_Data/images/IDRiD_25_ctr1.03.jpg,/user1/res/res2024/miu/shramanadey_r/Data/A. Segmentation/4. Augmented Data/Train_Data/masks/IDRiD_25_ctr1.03.png
/user1/res/res2024/miu/shramanadey_r/Data/A. Segmentation/4. Augmented Data/Train_Data/images/IDRiD_25_gn8.jpg,/user1/res/res2024/miu/shramanadey_r/Data/A. Segmentation/4. Augmented Data/Train_Data/masks/IDRiD_25_gn8.png
/user1/res/res2024/miu/shramanadey_r/Data/A. Segmentation/4. Augmented Data/Train_Data/images/IDRiD_25_rotA30.jpg,/user1/res/res2024/miu/shramanadey_r/Data/A. Segmentation/4. Augmented Data/Train_Data/masks/IDRiD_25_rotA30.png
/user1/res/res2024/miu/shramanadey_r/Data/A. Segmentation/4. Augmented Data/Train_Data/images/IDRiD_25_scpad72.jpg,/user1/res/res2024/miu/shramanadey_r/Data/A. Segmentation/4. Augmented Data/Train_Data/masks/IDRiD_25_scpad72.png
/user1/res/res2024/miu/shramanadey_r/Data/A. Segmentation/4. Augmented Data/Train_Data/images/IDRiD_25_shp1.23.jpg,/user1/res/res2024/miu/shramanadey_r/Data/A. Segmentation/4. Augmented Data/Train_Data/masks/IDRiD_25_shp1.23.png
/user1/res/res2024/miu/shramanadey_r/Data/A. Segmentation/4. Augmented Data/Train_Data/images/IDRiD_26.jpg,/user1/res/res2024/miu/shramanadey_r/Data/A. Segmentation/4. Augmented Data/Train_Data/masks/IDRiD_26.png
/user1/res/res2024/miu/shramanadey_r/Data/A. Segmentation/4. Augmented Data/Train_Data/images/IDRiD_26_ctr1.40.jpg,/user1/res/res2024/miu/shramanadey_r/Data/A. Segmentation/4. Augmented Data/Train_Data/masks/IDRiD_26_ctr1.40.png
/user1/res/res2024/miu/shramanadey_r/Data/A. Segmentation/4. Augmented Data/Train_Data/images/IDRiD_26_gn16.jpg,/user1/res/res2024/miu/shramanadey_r/Data/A. Segmentation/4. Augmented Data/Train_Data/masks/IDRiD_26_gn16.png
/user1/res/res2024/miu/shramanadey_r/Data/A. Segmentation/4. Augmented Data/Train_Data/images/IDRiD_26_rotA-18.jpg,/user1/res/res2024/miu/shramanadey_r/Data/A. Segmentation/4. Augmented Data/Train_Data/masks/IDRiD_26_rotA-18.png
/user1/res/res2024/miu/shramanadey_r/Data/A. Segmentation/4. Augmented Data/Train_Data/images/IDRiD_26_scpad55.jpg,/user1/res/res2024/miu/shramanadey_r/Data/A. Segmentation/4. Augmented Data/Train_Data/masks/IDRiD_26_scpad55.png
/user1/res/res2024/miu/shramanadey_r/Data/A. Segmentation/4. Augmented Data/Train_Data/images/IDRiD_26_shp1.91.jpg,/user1/res/res2024/miu/shramanadey_r/Data/A. Segmentation/4. Augmented Data/Train_Data/masks/IDRiD_26_shp1.91.png
/user1/res/res2024/miu/shramanadey_r/Data/A. Segmentation/4. Augmented Data/Train_Data/images/IDRiD_27.jpg,/user1/res/res2024/miu/shramanadey_r/Data/A. Segmentation/4. Augmented Data/Train_Data/masks/IDRiD_27.png
/user1/res/res2024/miu/shramanadey_r/Data/A. Segmentation/4. Augmented Data/Train_Data/images/IDRiD_27_ctr0.93.jpg,/user1/res/res2024/miu/shramanadey_r/Data/A. Segmentation/4. Augmented Data/Train_Data/masks/IDRiD_27_ctr0.93.png
/user1/res/res2024/miu/shramanadey_r/Data/A. Segmentation/4. Augmented Data/Train_Data/images/IDRiD_27_gn14.jpg,/user1/res/res2024/miu/shramanadey_r/Data/A. Segmentation/4. Augmented Data/Train_Data/masks/IDRiD_27_gn14.png
/user1/res/res2024/miu/shramanadey_r/Data/A. Segmentation/4. Augmented Data/Train_Data/images/IDRiD_27_rotA-14.jpg,/user1/res/res2024/miu/shramanadey_r/Data/A. Segmentation/4. Augmented Data/Train_Data/masks/IDRiD_27_rotA-14.png
/user1/res/res2024/miu/shramanadey_r/Data/A. Segmentation/4. Augmented Data/Train_Data/images/IDRiD_27_scpad78.jpg,/user1/res/res2024/miu/shramanadey_r/Data/A. Segmentation/4. Augmented Data/Train_Data/masks/IDRiD_27_scpad78.png
/user1/res/res2024/miu/shramanadey_r/Data/A. Segmentation/4. Augmented Data/Train_Data/images/IDRiD_27_shp1.72.jpg,/user1/res/res2024/miu/shramanadey_r/Data/A. Segmentation/4. Augmented Data/Train_Data/masks/IDRiD_27_shp1.72.png
/user1/res/res2024/miu/shramanadey_r/Data/A. Segmentation/4. Augmented Data/Train_Data/images/IDRiD_28.jpg,/user1/res/res2024/miu/shramanadey_r/Data/A. Segmentation/4. Augmented Data/Train_Data/masks/IDRiD_28.png
/user1/res/res2024/miu/shramanadey_r/Data/A. Segmentation/4. Augmented Data/Train_Data/images/IDRiD_28_ctr0.97.jpg,/user1/res/res2024/miu/shramanadey_r/Data/A. Segmentation/4. Augmented Data/Train_Data/masks/IDRiD_28_ctr0.97.png
/user1/res/res2024/miu/shramanadey_r/Data/A. Segmentation/4. Augmented Data/Train_Data/images/IDRiD_28_gn18.jpg,/user1/res/res2024/miu/shramanadey_r/Data/A. Segmentation/4. Augmented Data/Train_Data/masks/IDRiD_28_gn18.png
/user1/res/res2024/miu/shramanadey_r/Data/A. Segmentation/4. Augmented Data/Train_Data/images/IDRiD_28_rotA-22.jpg,/user1/res/res2024/miu/shramanadey_r/Data/A. Segmentation/4. Augmented Data/Train_Data/masks/IDRiD_28_rotA-22.png
/user1/res/res2024/miu/shramanadey_r/Data/A. Segmentation/4. Augmented Data/Train_Data/images/IDRiD_28_scpad74.jpg,/user1/res/res2024/miu/shramanadey_r/Data/A. Segmentation/4. Augmented Data/Train_Data/masks/IDRiD_28_scpad74.png
/user1/res/res2024/miu/shramanadey_r/Data/A. Segmentation/4. Augmented Data/Train_Data/images/IDRiD_28_shp1.25.jpg,/user1/res/res2024/miu/shramanadey_r/Data/A. Segmentation/4. Augmented Data/Train_Data/masks/IDRiD_28_shp1.25.png
/user1/res/res2024/miu/shramanadey_r/Data/A. Segmentation/4. Augmented Data/Train_Data/images/IDRiD_29.jpg,/user1/res/res2024/miu/shramanadey_r/Data/A. Segmentation/4. Augmented Data/Train_Data/masks/IDRiD_29.png
/user1/res/res2024/miu/shramanadey_r/Data/A. Segmentation/4. Augmented Data/Train_Data/images/IDRiD_29_ctr0.92.jpg,/user1/res/res2024/miu/shramanadey_r/Data/A. Segmentation/4. Augmented Data/Train_Data/masks/IDRiD_29_ctr0.92.png
/user1/res/res2024/miu/shramanadey_r/Data/A. Segmentation/4. Augmented Data/Train_Data/images/IDRiD_29_gn24.jpg,/user1/res/res2024/miu/shramanadey_r/Data/A. Segmentation/4. Augmented Data/Train_Data/masks/IDRiD_29_gn24.png
/user1/res/res2024/miu/shramanadey_r/Data/A. Segmentation/4. Augmented Data/Train_Data/images/IDRiD_29_rotA5.jpg,/user1/res/res2024/miu/shramanadey_r/Data/A. Segmentation/4. Augmented Data/Train_Data/masks/IDRiD_29_rotA5.png
/user1/res/res2024/miu/shramanadey_r/Data/A. Segmentation/4. Augmented Data/Train_Data/images/IDRiD_29_scpad52.jpg,/user1/res/res2024/miu/shramanadey_r/Data/A. Segmentation/4. Augmented Data/Train_Data/masks/IDRiD_29_scpad52.png
/user1/res/res2024/miu/shramanadey_r/Data/A. Segmentation/4. Augmented Data/Train_Data/images/IDRiD_29_shp1.47.jpg,/user1/res/res2024/miu/shramanadey_r/Data/A. Segmentation/4. Augmented Data/Train_Data/masks/IDRiD_29_shp1.47.png
/user1/res/res2024/miu/shramanadey_r/Data/A. Segmentation/4. Augmented Data/Train_Data/images/IDRiD_30.jpg,/user1/res/res2024/miu/shramanadey_r/Data/A. Segmentation/4. Augmented Data/Train_Data/masks/IDRiD_30.png
/user1/res/res2024/miu/shramanadey_r/Data/A. Segmentation/4. Augmented Data/Train_Data/images/IDRiD_30_ctr1.07.jpg,/user1/res/res2024/miu/shramanadey_r/Data/A. Segmentation/4. Augmented Data/Train_Data/masks/IDRiD_30_ctr1.07.png
/user1/res/res2024/miu/shramanadey_r/Data/A. Segmentation/4. Augmented Data/Train_Data/images/IDRiD_30_gn20.jpg,/user1/res/res2024/miu/shramanadey_r/Data/A. Segmentation/4. Augmented Data/Train_Data/masks/IDRiD_30_gn20.png
/user1/res/res2024/miu/shramanadey_r/Data/A. Segmentation/4. Augmented Data/Train_Data/images/IDRiD_30_rotA-5.jpg,/user1/res/res2024/miu/shramanadey_r/Data/A. Segmentation/4. Augmented Data/Train_Data/masks/IDRiD_30_rotA-5.png
/user1/res/res2024/miu/shramanadey_r/Data/A. Segmentation/4. Augmented Data/Train_Data/images/IDRiD_30_scpad74.jpg,/user1/res/res2024/miu/shramanadey_r/Data/A. Segmentation/4. Augmented Data/Train_Data/masks/IDRiD_30_scpad74.png
/user1/res/res2024/miu/shramanadey_r/Data/A. Segmentation/4. Augmented Data/Train_Data/images/IDRiD_30_shp1.83.jpg,/user1/res/res2024/miu/shramanadey_r/Data/A. Segmentation/4. Augmented Data/Train_Data/masks/IDRiD_30_shp1.83.png
/user1/res/res2024/miu/shramanadey_r/Data/A. Segmentation/4. Augmented Data/Train_Data/images/IDRiD_31.jpg,/user1/res/res2024/miu/shramanadey_r/Data/A. Segmentation/4. Augmented Data/Train_Data/masks/IDRiD_31.png
/user1/res/res2024/miu/shramanadey_r/Data/A. Segmentation/4. Augmented Data/Train_Data/images/IDRiD_31_ctr1.39.jpg,/user1/res/res2024/miu/shramanadey_r/Data/A. Segmentation/4. Augmented Data/Train_Data/masks/IDRiD_31_ctr1.39.png
/user1/res/res2024/miu/shramanadey_r/Data/A. Segmentation/4. Augmented Data/Train_Data/images/IDRiD_31_gn6.jpg,/user1/res/res2024/miu/shramanadey_r/Data/A. Segmentation/4. Augmented Data/Train_Data/masks/IDRiD_31_gn6.png
/user1/res/res2024/miu/shramanadey_r/Data/A. Segmentation/4. Augmented Data/Train_Data/images/IDRiD_31_rotA15.jpg,/user1/res/res2024/miu/shramanadey_r/Data/A. Segmentation/4. Augmented Data/Train_Data/masks/IDRiD_31_rotA15.png
/user1/res/res2024/miu/shramanadey_r/Data/A. Segmentation/4. Augmented Data/Train_Data/images/IDRiD_31_scpad55.jpg,/user1/res/res2024/miu/shramanadey_r/Data/A. Segmentation/4. Augmented Data/Train_Data/masks/IDRiD_31_scpad55.png
/user1/res/res2024/miu/shramanadey_r/Data/A. Segmentation/4. Augmented Data/Train_Data/images/IDRiD_31_shp1.56.jpg,/user1/res/res2024/miu/shramanadey_r/Data/A. Segmentation/4. Augmented Data/Train_Data/masks/IDRiD_31_shp1.56.png
/user1/res/res2024/miu/shramanadey_r/Data/A. Segmentation/4. Augmented Data/Train_Data/images/IDRiD_32.jpg,/user1/res/res2024/miu/shramanadey_r/Data/A. Segmentation/4. Augmented Data/Train_Data/masks/IDRiD_32.png
/user1/res/res2024/miu/shramanadey_r/Data/A. Segmentation/4. Augmented Data/Train_Data/images/IDRiD_32_ctr0.76.jpg,/user1/res/res2024/miu/shramanadey_r/Data/A. Segmentation/4. Augmented Data/Train_Data/masks/IDRiD_32_ctr0.76.png
/user1/res/res2024/miu/shramanadey_r/Data/A. Segmentation/4. Augmented Data/Train_Data/images/IDRiD_32_gn5.jpg,/user1/res/res2024/miu/shramanadey_r/Data/A. Segmentation/4. Augmented Data/Train_Data/masks/IDRiD_32_gn5.png
/user1/res/res2024/miu/shramanadey_r/Data/A. Segmentation/4. Augmented Data/Train_Data/images/IDRiD_32_rotA17.jpg,/user1/res/res2024/miu/shramanadey_r/Data/A. Segmentation/4. Augmented Data/Train_Data/masks/IDRiD_32_rotA17.png
/user1/res/res2024/miu/shramanadey_r/Data/A. Segmentation/4. Augmented Data/Train_Data/images/IDRiD_32_scpad77.jpg,/user1/res/res2024/miu/shramanadey_r/Data/A. Segmentation/4. Augmented Data/Train_Data/masks/IDRiD_32_scpad77.png
/user1/res/res2024/miu/shramanadey_r/Data/A. Segmentation/4. Augmented Data/Train_Data/images/IDRiD_32_shp1.31.jpg,/user1/res/res2024/miu/shramanadey_r/Data/A. Segmentation/4. Augmented Data/Train_Data/masks/IDRiD_32_shp1.31.png
/user1/res/res2024/miu/shramanadey_r/Data/A. Segmentation/4. Augmented Data/Train_Data/images/IDRiD_33.jpg,/user1/res/res2024/miu/shramanadey_r/Data/A. Segmentation/4. Augmented Data/Train_Data/masks/IDRiD_33.png
/user1/res/res2024/miu/shramanadey_r/Data/A. Segmentation/4. Augmented Data/Train_Data/images/IDRiD_33_ctr1.28.jpg,/user1/res/res2024/miu/shramanadey_r/Data/A. Segmentation/4. Augmented Data/Train_Data/masks/IDRiD_33_ctr1.28.png
/user1/res/res2024/miu/shramanadey_r/Data/A. Segmentation/4. Augmented Data/Train_Data/images/IDRiD_33_gn12.jpg,/user1/res/res2024/miu/shramanadey_r/Data/A. Segmentation/4. Augmented Data/Train_Data/masks/IDRiD_33_gn12.png
/user1/res/res2024/miu/shramanadey_r/Data/A. Segmentation/4. Augmented Data/Train_Data/images/IDRiD_33_rotA5.jpg,/user1/res/res2024/miu/shramanadey_r/Data/A. Segmentation/4. Augmented Data/Train_Data/masks/IDRiD_33_rotA5.png
/user1/res/res2024/miu/shramanadey_r/Data/A. Segmentation/4. Augmented Data/Train_Data/images/IDRiD_33_scpad65.jpg,/user1/res/res2024/miu/shramanadey_r/Data/A. Segmentation/4. Augmented Data/Train_Data/masks/IDRiD_33_scpad65.png
/user1/res/res2024/miu/shramanadey_r/Data/A. Segmentation/4. Augmented Data/Train_Data/images/IDRiD_33_shp1.34.jpg,/user1/res/res2024/miu/shramanadey_r/Data/A. Segmentation/4. Augmented Data/Train_Data/masks/IDRiD_33_shp1.34.png
/user1/res/res2024/miu/shramanadey_r/Data/A. Segmentation/4. Augmented Data/Train_Data/images/IDRiD_34.jpg,/user1/res/res2024/miu/shramanadey_r/Data/A. Segmentation/4. Augmented Data/Train_Data/masks/IDRiD_34.png
/user1/res/res2024/miu/shramanadey_r/Data/A. Segmentation/4. Augmented Data/Train_Data/images/IDRiD_34_ctr0.76.jpg,/user1/res/res2024/miu/shramanadey_r/Data/A. Segmentation/4. Augmented Data/Train_Data/masks/IDRiD_34_ctr0.76.png
/user1/res/res2024/miu/shramanadey_r/Data/A. Segmentation/4. Augmented Data/Train_Data/images/IDRiD_34_gn11.jpg,/user1/res/res2024/miu/shramanadey_r/Data/A. Segmentation/4. Augmented Data/Train_Data/masks/IDRiD_34_gn11.png
/user1/res/res2024/miu/shramanadey_r/Data/A. Segmentation/4. Augmented Data/Train_Data/images/IDRiD_34_rotA5.jpg,/user1/res/res2024/miu/shramanadey_r/Data/A. Segmentation/4. Augmented Data/Train_Data/masks/IDRiD_34_rotA5.png
/user1/res/res2024/miu/shramanadey_r/Data/A. Segmentation/4. Augmented Data/Train_Data/images/IDRiD_34_scpad58.jpg,/user1/res/res2024/miu/shramanadey_r/Data/A. Segmentation/4. Augmented Data/Train_Data/masks/IDRiD_34_scpad58.png
/user1/res/res2024/miu/shramanadey_r/Data/A. Segmentation/4. Augmented Data/Train_Data/images/IDRiD_34_shp1.55.jpg,/user1/res/res2024/miu/shramanadey_r/Data/A. Segmentation/4. Augmented Data/Train_Data/masks/IDRiD_34_shp1.55.png
/user1/res/res2024/miu/shramanadey_r/Data/A. Segmentation/4. Augmented Data/Train_Data/images/IDRiD_35.jpg,/user1/res/res2024/miu/shramanadey_r/Data/A. Segmentation/4. Augmented Data/Train_Data/masks/IDRiD_35.png
/user1/res/res2024/miu/shramanadey_r/Data/A. Segmentation/4. Augmented Data/Train_Data/images/IDRiD_35_ctr0.80.jpg,/user1/res/res2024/miu/shramanadey_r/Data/A. Segmentation/4. Augmented Data/Train_Data/masks/IDRiD_35_ctr0.80.png
/user1/res/res2024/miu/shramanadey_r/Data/A. Segmentation/4. Augmented Data/Train_Data/images/IDRiD_35_gn21.jpg,/user1/res/res2024/miu/shramanadey_r/Data/A. Segmentation/4. Augmented Data/Train_Data/masks/IDRiD_35_gn21.png
/user1/res/res2024/miu/shramanadey_r/Data/A. Segmentation/4. Augmented Data/Train_Data/images/IDRiD_35_rotA25.jpg,/user1/res/res2024/miu/shramanadey_r/Data/A. Segmentation/4. Augmented Data/Train_Data/masks/IDRiD_35_rotA25.png
/user1/res/res2024/miu/shramanadey_r/Data/A. Segmentation/4. Augmented Data/Train_Data/images/IDRiD_35_scpad66.jpg,/user1/res/res2024/miu/shramanadey_r/Data/A. Segmentation/4. Augmented Data/Train_Data/masks/IDRiD_35_scpad66.png
/user1/res/res2024/miu/shramanadey_r/Data/A. Segmentation/4. Augmented Data/Train_Data/images/IDRiD_35_shp1.72.jpg,/user1/res/res2024/miu/shramanadey_r/Data/A. Segmentation/4. Augmented Data/Train_Data/masks/IDRiD_35_shp1.72.png
/user1/res/res2024/miu/shramanadey_r/Data/A. Segmentation/4. Augmented Data/Train_Data/images/IDRiD_36.jpg,/user1/res/res2024/miu/shramanadey_r/Data/A. Segmentation/4. Augmented Data/Train_Data/masks/IDRiD_36.png
/user1/res/res2024/miu/shramanadey_r/Data/A. Segmentation/4. Augmented Data/Train_Data/images/IDRiD_36_ctr0.99.jpg,/user1/res/res2024/miu/shramanadey_r/Data/A. Segmentation/4. Augmented Data/Train_Data/masks/IDRiD_36_ctr0.99.png
/user1/res/res2024/miu/shramanadey_r/Data/A. Segmentation/4. Augmented Data/Train_Data/images/IDRiD_36_gn12.jpg,/user1/res/res2024/miu/shramanadey_r/Data/A. Segmentation/4. Augmented Data/Train_Data/masks/IDRiD_36_gn12.png
/user1/res/res2024/miu/shramanadey_r/Data/A. Segmentation/4. Augmented Data/Train_Data/images/IDRiD_36_rotA-26.jpg,/user1/res/res2024/miu/shramanadey_r/Data/A. Segmentation/4. Augmented Data/Train_Data/masks/IDRiD_36_rotA-26.png
/user1/res/res2024/miu/shramanadey_r/Data/A. Segmentation/4. Augmented Data/Train_Data/images/IDRiD_36_scpad63.jpg,/user1/res/res2024/miu/shramanadey_r/Data/A. Segmentation/4. Augmented Data/Train_Data/masks/IDRiD_36_scpad63.png
/user1/res/res2024/miu/shramanadey_r/Data/A. Segmentation/4. Augmented Data/Train_Data/images/IDRiD_36_shp1.29.jpg,/user1/res/res2024/miu/shramanadey_r/Data/A. Segmentation/4. Augmented Data/Train_Data/masks/IDRiD_36_shp1.29.png
/user1/res/res2024/miu/shramanadey_r/Data/A. Segmentation/4. Augmented Data/Train_Data/images/IDRiD_37.jpg,/user1/res/res2024/miu/shramanadey_r/Data/A. Segmentation/4. Augmented Data/Train_Data/masks/IDRiD_37.png
/user1/res/res2024/miu/shramanadey_r/Data/A. Segmentation/4. Augmented Data/Train_Data/images/IDRiD_37_ctr0.92.jpg,/user1/res/res2024/miu/shramanadey_r/Data/A. Segmentation/4. Augmented Data/Train_Data/masks/IDRiD_37_ctr0.92.png
/user1/res/res2024/miu/shramanadey_r/Data/A. Segmentation/4. Augmented Data/Train_Data/images/IDRiD_37_gn6.jpg,/user1/res/res2024/miu/shramanadey_r/Data/A. Segmentation/4. Augmented Data/Train_Data/masks/IDRiD_37_gn6.png
/user1/res/res2024/miu/shramanadey_r/Data/A. Segmentation/4. Augmented Data/Train_Data/images/IDRiD_37_rotA11.jpg,/user1/res/res2024/miu/shramanadey_r/Data/A. Segmentation/4. Augmented Data/Train_Data/masks/IDRiD_37_rotA11.png
/user1/res/res2024/miu/shramanadey_r/Data/A. Segmentation/4. Augmented Data/Train_Data/images/IDRiD_37_scpad79.jpg,/user1/res/res2024/miu/shramanadey_r/Data/A. Segmentation/4. Augmented Data/Train_Data/masks/IDRiD_37_scpad79.png
/user1/res/res2024/miu/shramanadey_r/Data/A. Segmentation/4. Augmented Data/Train_Data/images/IDRiD_37_shp1.51.jpg,/user1/res/res2024/miu/shramanadey_r/Data/A. Segmentation/4. Augmented Data/Train_Data/masks/IDRiD_37_shp1.51.png
/user1/res/res2024/miu/shramanadey_r/Data/A. Segmentation/4. Augmented Data/Train_Data/images/IDRiD_38.jpg,/user1/res/res2024/miu/shramanadey_r/Data/A. Segmentation/4. Augmented Data/Train_Data/masks/IDRiD_38.png
/user1/res/res2024/miu/shramanadey_r/Data/A. Segmentation/4. Augmented Data/Train_Data/images/IDRiD_38_ctr0.79.jpg,/user1/res/res2024/miu/shramanadey_r/Data/A. Segmentation/4. Augmented Data/Train_Data/masks/IDRiD_38_ctr0.79.png
/user1/res/res2024/miu/shramanadey_r/Data/A. Segmentation/4. Augmented Data/Train_Data/images/IDRiD_38_gn18.jpg,/user1/res/res2024/miu/shramanadey_r/Data/A. Segmentation/4. Augmented Data/Train_Data/masks/IDRiD_38_gn18.png
/user1/res/res2024/miu/shramanadey_r/Data/A. Segmentation/4. Augmented Data/Train_Data/images/IDRiD_38_rotA5.jpg,/user1/res/res2024/miu/shramanadey_r/Data/A. Segmentation/4. Augmented Data/Train_Data/masks/IDRiD_38_rotA5.png
/user1/res/res2024/miu/shramanadey_r/Data/A. Segmentation/4. Augmented Data/Train_Data/images/IDRiD_38_scpad61.jpg,/user1/res/res2024/miu/shramanadey_r/Data/A. Segmentation/4. Augmented Data/Train_Data/masks/IDRiD_38_scpad61.png
/user1/res/res2024/miu/shramanadey_r/Data/A. Segmentation/4. Augmented Data/Train_Data/images/IDRiD_38_shp1.98.jpg,/user1/res/res2024/miu/shramanadey_r/Data/A. Segmentation/4. Augmented Data/Train_Data/masks/IDRiD_38_shp1.98.png
/user1/res/res2024/miu/shramanadey_r/Data/A. Segmentation/4. Augmented Data/Train_Data/images/IDRiD_39.jpg,/user1/res/res2024/miu/shramanadey_r/Data/A. Segmentation/4. Augmented Data/Train_Data/masks/IDRiD_39.png
/user1/res/res2024/miu/shramanadey_r/Data/A. Segmentation/4. Augmented Data/Train_Data/images/IDRiD_39_ctr1.25.jpg,/user1/res/res2024/miu/shramanadey_r/Data/A. Segmentation/4. Augmented Data/Train_Data/masks/IDRiD_39_ctr1.25.png
/user1/res/res2024/miu/shramanadey_r/Data/A. Segmentation/4. Augmented Data/Train_Data/images/IDRiD_39_gn19.jpg,/user1/res/res2024/miu/shramanadey_r/Data/A. Segmentation/4. Augmented Data/Train_Data/masks/IDRiD_39_gn19.png
/user1/res/res2024/miu/shramanadey_r/Data/A. Segmentation/4. Augmented Data/Train_Data/images/IDRiD_39_rotA-5.jpg,/user1/res/res2024/miu/shramanadey_r/Data/A. Segmentation/4. Augmented Data/Train_Data/masks/IDRiD_39_rotA-5.png
/user1/res/res2024/miu/shramanadey_r/Data/A. Segmentation/4. Augmented Data/Train_Data/images/IDRiD_39_scpad76.jpg,/user1/res/res2024/miu/shramanadey_r/Data/A. Segmentation/4. Augmented Data/Train_Data/masks/IDRiD_39_scpad76.png
/user1/res/res2024/miu/shramanadey_r/Data/A. Segmentation/4. Augmented Data/Train_Data/images/IDRiD_39_shp1.69.jpg,/user1/res/res2024/miu/shramanadey_r/Data/A. Segmentation/4. Augmented Data/Train_Data/masks/IDRiD_39_shp1.69.png
/user1/res/res2024/miu/shramanadey_r/Data/A. Segmentation/4. Augmented Data/Train_Data/images/IDRiD_40.jpg,/user1/res/res2024/miu/shramanadey_r/Data/A. Segmentation/4. Augmented Data/Train_Data/masks/IDRiD_40.png
/user1/res/res2024/miu/shramanadey_r/Data/A. Segmentation/4. Augmented Data/Train_Data/images/IDRiD_40_ctr0.76.jpg,/user1/res/res2024/miu/shramanadey_r/Data/A. Segmentation/4. Augmented Data/Train_Data/masks/IDRiD_40_ctr0.76.png
/user1/res/res2024/miu/shramanadey_r/Data/A. Segmentation/4. Augmented Data/Train_Data/images/IDRiD_40_gn23.jpg,/user1/res/res2024/miu/shramanadey_r/Data/A. Segmentation/4. Augmented Data/Train_Data/masks/IDRiD_40_gn23.png
/user1/res/res2024/miu/shramanadey_r/Data/A. Segmentation/4. Augmented Data/Train_Data/images/IDRiD_40_rotA-24.jpg,/user1/res/res2024/miu/shramanadey_r/Data/A. Segmentation/4. Augmented Data/Train_Data/masks/IDRiD_40_rotA-24.png
/user1/res/res2024/miu/shramanadey_r/Data/A. Segmentation/4. Augmented Data/Train_Data/images/IDRiD_40_scpad51.jpg,/user1/res/res2024/miu/shramanadey_r/Data/A. Segmentation/4. Augmented Data/Train_Data/masks/IDRiD_40_scpad51.png
/user1/res/res2024/miu/shramanadey_r/Data/A. Segmentation/4. Augmented Data/Train_Data/images/IDRiD_40_shp1.53.jpg,/user1/res/res2024/miu/shramanadey_r/Data/A. Segmentation/4. Augmented Data/Train_Data/masks/IDRiD_40_shp1.53.png
/user1/res/res2024/miu/shramanadey_r/Data/A. Segmentation/4. Augmented Data/Train_Data/images/IDRiD_41.jpg,/user1/res/res2024/miu/shramanadey_r/Data/A. Segmentation/4. Augmented Data/Train_Data/masks/IDRiD_41.png
/user1/res/res2024/miu/shramanadey_r/Data/A. Segmentation/4. Augmented Data/Train_Data/images/IDRiD_41_ctr0.74.jpg,/user1/res/res2024/miu/shramanadey_r/Data/A. Segmentation/4. Augmented Data/Train_Data/masks/IDRiD_41_ctr0.74.png
/user1/res/res2024/miu/shramanadey_r/Data/A. Segmentation/4. Augmented Data/Train_Data/images/IDRiD_41_gn18.jpg,/user1/res/res2024/miu/shramanadey_r/Data/A. Segmentation/4. Augmented Data/Train_Data/masks/IDRiD_41_gn18.png
/user1/res/res2024/miu/shramanadey_r/Data/A. Segmentation/4. Augmented Data/Train_Data/images/IDRiD_41_rotA-8.jpg,/user1/res/res2024/miu/shramanadey_r/Data/A. Segmentation/4. Augmented Data/Train_Data/masks/IDRiD_41_rotA-8.png
/user1/res/res2024/miu/shramanadey_r/Data/A. Segmentation/4. Augmented Data/Train_Data/images/IDRiD_41_scpad53.jpg,/user1/res/res2024/miu/shramanadey_r/Data/A. Segmentation/4. Augmented Data/Train_Data/masks/IDRiD_41_scpad53.png
/user1/res/res2024/miu/shramanadey_r/Data/A. Segmentation/4. Augmented Data/Train_Data/images/IDRiD_41_shp1.89.jpg,/user1/res/res2024/miu/shramanadey_r/Data/A. Segmentation/4. Augmented Data/Train_Data/masks/IDRiD_41_shp1.89.png
/user1/res/res2024/miu/shramanadey_r/Data/A. Segmentation/4. Augmented Data/Train_Data/images/IDRiD_42.jpg,/user1/res/res2024/miu/shramanadey_r/Data/A. Segmentation/4. Augmented Data/Train_Data/masks/IDRiD_42.png
/user1/res/res2024/miu/shramanadey_r/Data/A. Segmentation/4. Augmented Data/Train_Data/images/IDRiD_42_ctr0.96.jpg,/user1/res/res2024/miu/shramanadey_r/Data/A. Segmentation/4. Augmented Data/Train_Data/masks/IDRiD_42_ctr0.96.png
/user1/res/res2024/miu/shramanadey_r/Data/A. Segmentation/4. Augmented Data/Train_Data/images/IDRiD_42_gn9.jpg,/user1/res/res2024/miu/shramanadey_r/Data/A. Segmentation/4. Augmented Data/Train_Data/masks/IDRiD_42_gn9.png
/user1/res/res2024/miu/shramanadey_r/Data/A. Segmentation/4. Augmented Data/Train_Data/images/IDRiD_42_rotA15.jpg,/user1/res/res2024/miu/shramanadey_r/Data/A. Segmentation/4. Augmented Data/Train_Data/masks/IDRiD_42_rotA15.png
/user1/res/res2024/miu/shramanadey_r/Data/A. Segmentation/4. Augmented Data/Train_Data/images/IDRiD_42_scpad70.jpg,/user1/res/res2024/miu/shramanadey_r/Data/A. Segmentation/4. Augmented Data/Train_Data/masks/IDRiD_42_scpad70.png
/user1/res/res2024/miu/shramanadey_r/Data/A. Segmentation/4. Augmented Data/Train_Data/images/IDRiD_42_shp1.23.jpg,/user1/res/res2024/miu/shramanadey_r/Data/A. Segmentation/4. Augmented Data/Train_Data/masks/IDRiD_42_shp1.23.png
/user1/res/res2024/miu/shramanadey_r/Data/A. Segmentation/4. Augmented Data/Train_Data/images/IDRiD_43.jpg,/user1/res/res2024/miu/shramanadey_r/Data/A. Segmentation/4. Augmented Data/Train_Data/masks/IDRiD_43.png
/user1/res/res2024/miu/shramanadey_r/Data/A. Segmentation/4. Augmented Data/Train_Data/images/IDRiD_43_ctr0.83.jpg,/user1/res/res2024/miu/shramanadey_r/Data/A. Segmentation/4. Augmented Data/Train_Data/masks/IDRiD_43_ctr0.83.png
/user1/res/res2024/miu/shramanadey_r/Data/A. Segmentation/4. Augmented Data/Train_Data/images/IDRiD_43_gn13.jpg,/user1/res/res2024/miu/shramanadey_r/Data/A. Segmentation/4. Augmented Data/Train_Data/masks/IDRiD_43_gn13.png
/user1/res/res2024/miu/shramanadey_r/Data/A. Segmentation/4. Augmented Data/Train_Data/images/IDRiD_43_rotA-26.jpg,/user1/res/res2024/miu/shramanadey_r/Data/A. Segmentation/4. Augmented Data/Train_Data/masks/IDRiD_43_rotA-26.png
/user1/res/res2024/miu/shramanadey_r/Data/A. Segmentation/4. Augmented Data/Train_Data/images/IDRiD_43_scpad74.jpg,/user1/res/res2024/miu/shramanadey_r/Data/A. Segmentation/4. Augmented Data/Train_Data/masks/IDRiD_43_scpad74.png
/user1/res/res2024/miu/shramanadey_r/Data/A. Segmentation/4. Augmented Data/Train_Data/images/IDRiD_43_shp1.98.jpg,/user1/res/res2024/miu/shramanadey_r/Data/A. Segmentation/4. Augmented Data/Train_Data/masks/IDRiD_43_shp1.98.png
/user1/res/res2024/miu/shramanadey_r/Data/A. Segmentation/4. Augmented Data/Train_Data/images/IDRiD_44.jpg,/user1/res/res2024/miu/shramanadey_r/Data/A. Segmentation/4. Augmented Data/Train_Data/masks/IDRiD_44.png
/user1/res/res2024/miu/shramanadey_r/Data/A. Segmentation/4. Augmented Data/Train_Data/images/IDRiD_44_ctr1.26.jpg,/user1/res/res2024/miu/shramanadey_r/Data/A. Segmentation/4. Augmented Data/Train_Data/masks/IDRiD_44_ctr1.26.png
/user1/res/res2024/miu/shramanadey_r/Data/A. Segmentation/4. Augmented Data/Train_Data/images/IDRiD_44_gn16.jpg,/user1/res/res2024/miu/shramanadey_r/Data/A. Segmentation/4. Augmented Data/Train_Data/masks/IDRiD_44_gn16.png
/user1/res/res2024/miu/shramanadey_r/Data/A. Segmentation/4. Augmented Data/Train_Data/images/IDRiD_44_rotA7.jpg,/user1/res/res2024/miu/shramanadey_r/Data/A. Segmentation/4. Augmented Data/Train_Data/masks/IDRiD_44_rotA7.png
/user1/res/res2024/miu/shramanadey_r/Data/A. Segmentation/4. Augmented Data/Train_Data/images/IDRiD_44_scpad60.jpg,/user1/res/res2024/miu/shramanadey_r/Data/A. Segmentation/4. Augmented Data/Train_Data/masks/IDRiD_44_scpad60.png
/user1/res/res2024/miu/shramanadey_r/Data/A. Segmentation/4. Augmented Data/Train_Data/images/IDRiD_44_shp1.37.jpg,/user1/res/res2024/miu/shramanadey_r/Data/A. Segmentation/4. Augmented Data/Train_Data/masks/IDRiD_44_shp1.37.png
/user1/res/res2024/miu/shramanadey_r/Data/A. Segmentation/4. Augmented Data/Train_Data/images/IDRiD_45.jpg,/user1/res/res2024/miu/shramanadey_r/Data/A. Segmentation/4. Augmented Data/Train_Data/masks/IDRiD_45.png
/user1/res/res2024/miu/shramanadey_r/Data/A. Segmentation/4. Augmented Data/Train_Data/images/IDRiD_45_ctr0.93.jpg,/user1/res/res2024/miu/shramanadey_r/Data/A. Segmentation/4. Augmented Data/Train_Data/masks/IDRiD_45_ctr0.93.png
/user1/res/res2024/miu/shramanadey_r/Data/A. Segmentation/4. Augmented Data/Train_Data/images/IDRiD_45_gn14.jpg,/user1/res/res2024/miu/shramanadey_r/Data/A. Segmentation/4. Augmented Data/Train_Data/masks/IDRiD_45_gn14.png
/user1/res/res2024/miu/shramanadey_r/Data/A. Segmentation/4. Augmented Data/Train_Data/images/IDRiD_45_rotA-30.jpg,/user1/res/res2024/miu/shramanadey_r/Data/A. Segmentation/4. Augmented Data/Train_Data/masks/IDRiD_45_rotA-30.png
/user1/res/res2024/miu/shramanadey_r/Data/A. Segmentation/4. Augmented Data/Train_Data/images/IDRiD_45_scpad60.jpg,/user1/res/res2024/miu/shramanadey_r/Data/A. Segmentation/4. Augmented Data/Train_Data/masks/IDRiD_45_scpad60.png
/user1/res/res2024/miu/shramanadey_r/Data/A. Segmentation/4. Augmented Data/Train_Data/images/IDRiD_45_shp1.40.jpg,/user1/res/res2024/miu/shramanadey_r/Data/A. Segmentation/4. Augmented Data/Train_Data/masks/IDRiD_45_shp1.40.png
/user1/res/res2024/miu/shramanadey_r/Data/A. Segmentation/4. Augmented Data/Train_Data/images/IDRiD_46.jpg,/user1/res/res2024/miu/shramanadey_r/Data/A. Segmentation/4. Augmented Data/Train_Data/masks/IDRiD_46.png
/user1/res/res2024/miu/shramanadey_r/Data/A. Segmentation/4. Augmented Data/Train_Data/images/IDRiD_46_ctr0.82.jpg,/user1/res/res2024/miu/shramanadey_r/Data/A. Segmentation/4. Augmented Data/Train_Data/masks/IDRiD_46_ctr0.82.png
/user1/res/res2024/miu/shramanadey_r/Data/A. Segmentation/4. Augmented Data/Train_Data/images/IDRiD_46_gn17.jpg,/user1/res/res2024/miu/shramanadey_r/Data/A. Segmentation/4. Augmented Data/Train_Data/masks/IDRiD_46_gn17.png
/user1/res/res2024/miu/shramanadey_r/Data/A. Segmentation/4. Augmented Data/Train_Data/images/IDRiD_46_rotA-5.jpg,/user1/res/res2024/miu/shramanadey_r/Data/A. Segmentation/4. Augmented Data/Train_Data/masks/IDRiD_46_rotA-5.png
/user1/res/res2024/miu/shramanadey_r/Data/A. Segmentation/4. Augmented Data/Train_Data/images/IDRiD_46_scpad57.jpg,/user1/res/res2024/miu/shramanadey_r/Data/A. Segmentation/4. Augmented Data/Train_Data/masks/IDRiD_46_scpad57.png
/user1/res/res2024/miu/shramanadey_r/Data/A. Segmentation/4. Augmented Data/Train_Data/images/IDRiD_46_shp1.53.jpg,/user1/res/res2024/miu/shramanadey_r/Data/A. Segmentation/4. Augmented Data/Train_Data/masks/IDRiD_46_shp1.53.png
/user1/res/res2024/miu/shramanadey_r/Data/A. Segmentation/4. Augmented Data/Train_Data/images/IDRiD_47.jpg,/user1/res/res2024/miu/shramanadey_r/Data/A. Segmentation/4. Augmented Data/Train_Data/masks/IDRiD_47.png
/user1/res/res2024/miu/shramanadey_r/Data/A. Segmentation/4. Augmented Data/Train_Data/images/IDRiD_47_ctr1.31.jpg,/user1/res/res2024/miu/shramanadey_r/Data/A. Segmentation/4. Augmented Data/Train_Data/masks/IDRiD_47_ctr1.31.png
/user1/res/res2024/miu/shramanadey_r/Data/A. Segmentation/4. Augmented Data/Train_Data/images/IDRiD_47_gn18.jpg,/user1/res/res2024/miu/shramanadey_r/Data/A. Segmentation/4. Augmented Data/Train_Data/masks/IDRiD_47_gn18.png
/user1/res/res2024/miu/shramanadey_r/Data/A. Segmentation/4. Augmented Data/Train_Data/images/IDRiD_47_rotA29.jpg,/user1/res/res2024/miu/shramanadey_r/Data/A. Segmentation/4. Augmented Data/Train_Data/masks/IDRiD_47_rotA29.png
/user1/res/res2024/miu/shramanadey_r/Data/A. Segmentation/4. Augmented Data/Train_Data/images/IDRiD_47_scpad60.jpg,/user1/res/res2024/miu/shramanadey_r/Data/A. Segmentation/4. Augmented Data/Train_Data/masks/IDRiD_47_scpad60.png
/user1/res/res2024/miu/shramanadey_r/Data/A. Segmentation/4. Augmented Data/Train_Data/images/IDRiD_47_shp1.79.jpg,/user1/res/res2024/miu/shramanadey_r/Data/A. Segmentation/4. Augmented Data/Train_Data/masks/IDRiD_47_shp1.79.png
/user1/res/res2024/miu/shramanadey_r/Data/A. Segmentation/4. Augmented Data/Train_Data/images/IDRiD_48.jpg,/user1/res/res2024/miu/shramanadey_r/Data/A. Segmentation/4. Augmented Data/Train_Data/masks/IDRiD_48.png
/user1/res/res2024/miu/shramanadey_r/Data/A. Segmentation/4. Augmented Data/Train_Data/images/IDRiD_48_ctr1.32.jpg,/user1/res/res2024/miu/shramanadey_r/Data/A. Segmentation/4. Augmented Data/Train_Data/masks/IDRiD_48_ctr1.32.png
/user1/res/res2024/miu/shramanadey_r/Data/A. Segmentation/4. Augmented Data/Train_Data/images/IDRiD_48_gn14.jpg,/user1/res/res2024/miu/shramanadey_r/Data/A. Segmentation/4. Augmented Data/Train_Data/masks/IDRiD_48_gn14.png
/user1/res/res2024/miu/shramanadey_r/Data/A. Segmentation/4. Augmented Data/Train_Data/images/IDRiD_48_rotA22.jpg,/user1/res/res2024/miu/shramanadey_r/Data/A. Segmentation/4. Augmented Data/Train_Data/masks/IDRiD_48_rotA22.png
/user1/res/res2024/miu/shramanadey_r/Data/A. Segmentation/4. Augmented Data/Train_Data/images/IDRiD_48_scpad76.jpg,/user1/res/res2024/miu/shramanadey_r/Data/A. Segmentation/4. Augmented Data/Train_Data/masks/IDRiD_48_scpad76.png
/user1/res/res2024/miu/shramanadey_r/Data/A. Segmentation/4. Augmented Data/Train_Data/images/IDRiD_48_shp1.38.jpg,/user1/res/res2024/miu/shramanadey_r/Data/A. Segmentation/4. Augmented Data/Train_Data/masks/IDRiD_48_shp1.38.png
/user1/res/res2024/miu/shramanadey_r/Data/A. Segmentation/4. Augmented Data/Train_Data/images/IDRiD_49.jpg,/user1/res/res2024/miu/shramanadey_r/Data/A. Segmentation/4. Augmented Data/Train_Data/masks/IDRiD_49.png
/user1/res/res2024/miu/shramanadey_r/Data/A. Segmentation/4. Augmented Data/Train_Data/images/IDRiD_49_ctr1.10.jpg,/user1/res/res2024/miu/shramanadey_r/Data/A. Segmentation/4. Augmented Data/Train_Data/masks/IDRiD_49_ctr1.10.png
/user1/res/res2024/miu/shramanadey_r/Data/A. Segmentation/4. Augmented Data/Train_Data/images/IDRiD_49_gn20.jpg,/user1/res/res2024/miu/shramanadey_r/Data/A. Segmentation/4. Augmented Data/Train_Data/masks/IDRiD_49_gn20.png
/user1/res/res2024/miu/shramanadey_r/Data/A. Segmentation/4. Augmented Data/Train_Data/images/IDRiD_49_rotA20.jpg,/user1/res/res2024/miu/shramanadey_r/Data/A. Segmentation/4. Augmented Data/Train_Data/masks/IDRiD_49_rotA20.png
/user1/res/res2024/miu/shramanadey_r/Data/A. Segmentation/4. Augmented Data/Train_Data/images/IDRiD_49_scpad77.jpg,/user1/res/res2024/miu/shramanadey_r/Data/A. Segmentation/4. Augmented Data/Train_Data/masks/IDRiD_49_scpad77.png
/user1/res/res2024/miu/shramanadey_r/Data/A. Segmentation/4. Augmented Data/Train_Data/images/IDRiD_49_shp1.41.jpg,/user1/res/res2024/miu/shramanadey_r/Data/A. Segmentation/4. Augmented Data/Train_Data/masks/IDRiD_49_shp1.41.png
/user1/res/res2024/miu/shramanadey_r/Data/A. Segmentation/4. Augmented Data/Train_Data/images/IDRiD_50.jpg,/user1/res/res2024/miu/shramanadey_r/Data/A. Segmentation/4. Augmented Data/Train_Data/masks/IDRiD_50.png
/user1/res/res2024/miu/shramanadey_r/Data/A. Segmentation/4. Augmented Data/Train_Data/images/IDRiD_50_ctr0.95.jpg,/user1/res/res2024/miu/shramanadey_r/Data/A. Segmentation/4. Augmented Data/Train_Data/masks/IDRiD_50_ctr0.95.png
/user1/res/res2024/miu/shramanadey_r/Data/A. Segmentation/4. Augmented Data/Train_Data/images/IDRiD_50_gn20.jpg,/user1/res/res2024/miu/shramanadey_r/Data/A. Segmentation/4. Augmented Data/Train_Data/masks/IDRiD_50_gn20.png
/user1/res/res2024/miu/shramanadey_r/Data/A. Segmentation/4. Augmented Data/Train_Data/images/IDRiD_50_rotA-9.jpg,/user1/res/res2024/miu/shramanadey_r/Data/A. Segmentation/4. Augmented Data/Train_Data/masks/IDRiD_50_rotA-9.png
/user1/res/res2024/miu/shramanadey_r/Data/A. Segmentation/4. Augmented Data/Train_Data/images/IDRiD_50_scpad62.jpg,/user1/res/res2024/miu/shramanadey_r/Data/A. Segmentation/4. Augmented Data/Train_Data/masks/IDRiD_50_scpad62.png
/user1/res/res2024/miu/shramanadey_r/Data/A. Segmentation/4. Augmented Data/Train_Data/images/IDRiD_50_shp1.82.jpg,/user1/res/res2024/miu/shramanadey_r/Data/A. Segmentation/4. Augmented Data/Train_Data/masks/IDRiD_50_shp1.82.png
/user1/res/res2024/miu/shramanadey_r/Data/A. Segmentation/4. Augmented Data/Train_Data/images/IDRiD_51.jpg,/user1/res/res2024/miu/shramanadey_r/Data/A. Segmentation/4. Augmented Data/Train_Data/masks/IDRiD_51.png
/user1/res/res2024/miu/shramanadey_r/Data/A. Segmentation/4. Augmented Data/Train_Data/images/IDRiD_51_ctr0.99.jpg,/user1/res/res2024/miu/shramanadey_r/Data/A. Segmentation/4. Augmented Data/Train_Data/masks/IDRiD_51_ctr0.99.png
/user1/res/res2024/miu/shramanadey_r/Data/A. Segmentation/4. Augmented Data/Train_Data/images/IDRiD_51_gn12.jpg,/user1/res/res2024/miu/shramanadey_r/Data/A. Segmentation/4. Augmented Data/Train_Data/masks/IDRiD_51_gn12.png
/user1/res/res2024/miu/shramanadey_r/Data/A. Segmentation/4. Augmented Data/Train_Data/images/IDRiD_51_rotA11.jpg,/user1/res/res2024/miu/shramanadey_r/Data/A. Segmentation/4. Augmented Data/Train_Data/masks/IDRiD_51_rotA11.png
/user1/res/res2024/miu/shramanadey_r/Data/A. Segmentation/4. Augmented Data/Train_Data/images/IDRiD_51_scpad76.jpg,/user1/res/res2024/miu/shramanadey_r/Data/A. Segmentation/4. Augmented Data/Train_Data/masks/IDRiD_51_scpad76.png
/user1/res/res2024/miu/shramanadey_r/Data/A. Segmentation/4. Augmented Data/Train_Data/images/IDRiD_51_shp1.77.jpg,/user1/res/res2024/miu/shramanadey_r/Data/A. Segmentation/4. Augmented Data/Train_Data/masks/IDRiD_51_shp1.77.png
/user1/res/res2024/miu/shramanadey_r/Data/A. Segmentation/4. Augmented Data/Train_Data/images/IDRiD_52.jpg,/user1/res/res2024/miu/shramanadey_r/Data/A. Segmentation/4. Augmented Data/Train_Data/masks/IDRiD_52.png
/user1/res/res2024/miu/shramanadey_r/Data/A. Segmentation/4. Augmented Data/Train_Data/images/IDRiD_52_ctr1.15.jpg,/user1/res/res2024/miu/shramanadey_r/Data/A. Segmentation/4. Augmented Data/Train_Data/masks/IDRiD_52_ctr1.15.png
/user1/res/res2024/miu/shramanadey_r/Data/A. Segmentation/4. Augmented Data/Train_Data/images/IDRiD_52_gn15.jpg,/user1/res/res2024/miu/shramanadey_r/Data/A. Segmentation/4. Augmented Data/Train_Data/masks/IDRiD_52_gn15.png
/user1/res/res2024/miu/shramanadey_r/Data/A. Segmentation/4. Augmented Data/Train_Data/images/IDRiD_52_rotA23.jpg,/user1/res/res2024/miu/shramanadey_r/Data/A. Segmentation/4. Augmented Data/Train_Data/masks/IDRiD_52_rotA23.png
/user1/res/res2024/miu/shramanadey_r/Data/A. Segmentation/4. Augmented Data/Train_Data/images/IDRiD_52_scpad70.jpg,/user1/res/res2024/miu/shramanadey_r/Data/A. Segmentation/4. Augmented Data/Train_Data/masks/IDRiD_52_scpad70.png
/user1/res/res2024/miu/shramanadey_r/Data/A. Segmentation/4. Augmented Data/Train_Data/images/IDRiD_52_shp1.73.jpg,/user1/res/res2024/miu/shramanadey_r/Data/A. Segmentation/4. Augmented Data/Train_Data/masks/IDRiD_52_shp1.73.png
/user1/res/res2024/miu/shramanadey_r/Data/A. Segmentation/4. Augmented Data/Train_Data/images/IDRiD_53.jpg,/user1/res/res2024/miu/shramanadey_r/Data/A. Segmentation/4. Augmented Data/Train_Data/masks/IDRiD_53.png
/user1/res/res2024/miu/shramanadey_r/Data/A. Segmentation/4. Augmented Data/Train_Data/images/IDRiD_53_ctr0.76.jpg,/user1/res/res2024/miu/shramanadey_r/Data/A. Segmentation/4. Augmented Data/Train_Data/masks/IDRiD_53_ctr0.76.png
/user1/res/res2024/miu/shramanadey_r/Data/A. Segmentation/4. Augmented Data/Train_Data/images/IDRiD_53_gn12.jpg,/user1/res/res2024/miu/shramanadey_r/Data/A. Segmentation/4. Augmented Data/Train_Data/masks/IDRiD_53_gn12.png
/user1/res/res2024/miu/shramanadey_r/Data/A. Segmentation/4. Augmented Data/Train_Data/images/IDRiD_53_rotA-29.jpg,/user1/res/res2024/miu/shramanadey_r/Data/A. Segmentation/4. Augmented Data/Train_Data/masks/IDRiD_53_rotA-29.png
/user1/res/res2024/miu/shramanadey_r/Data/A. Segmentation/4. Augmented Data/Train_Data/images/IDRiD_53_scpad55.jpg,/user1/res/res2024/miu/shramanadey_r/Data/A. Segmentation/4. Augmented Data/Train_Data/masks/IDRiD_53_scpad55.png
/user1/res/res2024/miu/shramanadey_r/Data/A. Segmentation/4. Augmented Data/Train_Data/images/IDRiD_53_shp1.70.jpg,/user1/res/res2024/miu/shramanadey_r/Data/A. Segmentation/4. Augmented Data/Train_Data/masks/IDRiD_53_shp1.70.png
/user1/res/res2024/miu/shramanadey_r/Data/A. Segmentation/4. Augmented Data/Train_Data/images/IDRiD_54.jpg,/user1/res/res2024/miu/shramanadey_r/Data/A. Segmentation/4. Augmented Data/Train_Data/masks/IDRiD_54.png
/user1/res/res2024/miu/shramanadey_r/Data/A. Segmentation/4. Augmented Data/Train_Data/images/IDRiD_54_ctr1.25.jpg,/user1/res/res2024/miu/shramanadey_r/Data/A. Segmentation/4. Augmented Data/Train_Data/masks/IDRiD_54_ctr1.25.png
/user1/res/res2024/miu/shramanadey_r/Data/A. Segmentation/4. Augmented Data/Train_Data/images/IDRiD_54_gn22.jpg,/user1/res/res2024/miu/shramanadey_r/Data/A. Segmentation/4. Augmented Data/Train_Data/masks/IDRiD_54_gn22.png
/user1/res/res2024/miu/shramanadey_r/Data/A. Segmentation/4. Augmented Data/Train_Data/images/IDRiD_54_rotA5.jpg,/user1/res/res2024/miu/shramanadey_r/Data/A. Segmentation/4. Augmented Data/Train_Data/masks/IDRiD_54_rotA5.png
/user1/res/res2024/miu/shramanadey_r/Data/A. Segmentation/4. Augmented Data/Train_Data/images/IDRiD_54_scpad59.jpg,/user1/res/res2024/miu/shramanadey_r/Data/A. Segmentation/4. Augmented Data/Train_Data/masks/IDRiD_54_scpad59.png
/user1/res/res2024/miu/shramanadey_r/Data/A. Segmentation/4. Augmented Data/Train_Data/images/IDRiD_54_shp1.22.jpg,/user1/res/res2024/miu/shramanadey_r/Data/A. Segmentation/4. Augmented Data/Train_Data/masks/IDRiD_54_shp1.22.png
